Test,Snail,Food,Treatment,Nominal,DissNi,FreeIon,Day,Size
FH,1,FishFlakes,Ni6,215.2,198.57,26.857,0,1343.86
FH,2,FishFlakes,Ni4,29.5,30.56,4.126,0,1367.51
FH,3,FishFlakes,Ni3,10.9,12.67,1.71,0,1527.5
FH,4,FishFlakes,Ni0,0,1.93,0.261,0,1431.84
FH,5,FishFlakes,Ni2,4.1,5.97,0.806,0,1155.73
FH,6,FishFlakes,Ni1,1.5,3.38,0.456,0,1150.9
FH,7,FishFlakes,Ni5,79.7,81.99,11.076,0,1185.23
FH,8,FishFlakes,Ni3,10.9,12.67,1.71,0,1440.38
FH,9,FishFlakes,Ni4,29.5,30.56,4.126,0,1450.18
FH,10,FishFlakes,Ni2,4.1,5.97,0.806,0,1428.35
FH,11,FishFlakes,Ni5,79.7,81.99,11.076,0,1404.92
FH,12,FishFlakes,Ni6,215.2,198.57,26.857,0,1399.57
FH,13,FishFlakes,Ni0,0,1.93,0.261,0,1562.95
FH,14,FishFlakes,Ni1,1.5,3.38,0.456,0,1554.95
FH,15,FishFlakes,Ni5,79.7,81.99,11.076,0,1307.68
FH,16,FishFlakes,Ni4,29.5,30.56,4.126,0,1373.64
FH,17,FishFlakes,Ni2,4.1,5.97,0.806,0,1373.19
FH,18,FishFlakes,Ni0,0,1.93,0.261,0,1404.15
FH,19,FishFlakes,Ni6,215.2,198.57,26.857,0,1473.85
FH,20,FishFlakes,Ni3,10.9,12.67,1.71,0,1411.59
FH,21,FishFlakes,Ni1,1.5,3.38,0.456,0,1250.42
FH,22,FishFlakes,Ni4,29.5,30.56,4.126,0,1434.12
FH,23,FishFlakes,Ni5,79.7,81.99,11.076,0,1475.54
FH,24,FishFlakes,Ni1,1.5,3.38,0.456,0,1502.24
FH,25,FishFlakes,Ni3,10.9,12.67,1.71,0,1310.6
FH,26,FishFlakes,Ni0,0,1.93,0.261,0,1269.73
FH,27,FishFlakes,Ni2,4.1,5.97,0.806,0,1276.71
FH,28,FishFlakes,Ni6,215.2,198.57,26.857,0,1372.41
FH,29,FishFlakes,Ni6,215.2,198.57,26.857,0,1280.22
FH,30,FishFlakes,Ni2,4.1,5.97,0.806,0,1439.57
FH,31,FishFlakes,Ni0,0,1.93,0.261,0,1408.68
FH,32,FishFlakes,Ni3,10.9,12.67,1.71,0,1321.5
FH,33,FishFlakes,Ni5,79.7,81.99,11.076,0,1498.14
FH,34,FishFlakes,Ni1,1.5,3.38,0.456,0,1394.03
FH,35,FishFlakes,Ni4,29.5,30.56,4.126,0,1495.79
FH,36,FishFlakes,Ni6,215.2,198.57,26.857,0,1347.15
FH,37,FishFlakes,Ni2,4.1,5.97,0.806,0,1325.02
FH,38,FishFlakes,Ni3,10.9,12.67,1.71,0,1381.75
FH,39,FishFlakes,Ni4,29.5,30.56,4.126,0,1351.03
FH,40,FishFlakes,Ni1,1.5,3.38,0.456,0,1176.51
FH,41,FishFlakes,Ni0,0,1.93,0.261,0,1410.15
FH,42,FishFlakes,Ni5,79.7,81.99,11.076,0,1528.87
FH,43,FishFlakes,Ni3,10.9,12.67,1.71,0,1247.33
FH,44,FishFlakes,Ni0,0,1.93,0.261,0,1310.56
FH,45,FishFlakes,Ni2,4.1,5.97,0.806,0,1378.65
FH,46,FishFlakes,Ni5,79.7,81.99,11.076,0,1555.1
FH,47,FishFlakes,Ni4,29.5,30.56,4.126,0,1462.88
FH,48,FishFlakes,Ni6,215.2,198.57,26.857,0,1473.18
FH,49,FishFlakes,Ni1,1.5,3.38,0.456,0,1532.13
FH,50,FishFlakes,Ni3,10.9,12.67,1.71,0,1368.79
FH,51,FishFlakes,Ni4,29.5,30.56,4.126,0,1405.13
FH,52,FishFlakes,Ni6,215.2,198.57,26.857,0,1435.3
FH,53,FishFlakes,Ni1,1.5,3.38,0.456,0,1589.84
FH,54,FishFlakes,Ni5,79.7,81.99,11.076,0,1429.48
FH,55,FishFlakes,Ni2,4.1,5.97,0.806,0,1395.28
FH,56,FishFlakes,Ni0,0,1.93,0.261,0,1482.97
FH,57,FishFlakes,Ni5,79.7,81.99,11.076,0,1325.51
FH,58,FishFlakes,Ni3,10.9,12.67,1.71,0,1380.75
FH,59,FishFlakes,Ni2,4.1,5.97,0.806,0,1355.55
FH,60,FishFlakes,Ni4,29.5,30.56,4.126,0,1347.26
FH,61,FishFlakes,Ni1,1.5,3.38,0.456,0,1449.67
FH,62,FishFlakes,Ni0,0,1.93,0.261,0,1525.15
FH,63,FishFlakes,Ni6,215.2,198.57,26.857,0,1486.13
FH,64,FishFlakes,Ni1,1.5,3.38,0.456,0,1324.93
FH,65,FishFlakes,Ni5,79.7,81.99,11.076,0,1494.05
FH,66,FishFlakes,Ni4,29.5,30.56,4.126,0,1308.32
FH,67,FishFlakes,Ni2,4.1,5.97,0.806,0,1444.44
FH,68,FishFlakes,Ni0,0,1.93,0.261,0,1474.25
FH,69,FishFlakes,Ni3,10.9,12.67,1.71,0,1496.39
FH,70,FishFlakes,Ni6,215.2,198.57,26.857,0,1467.66
FH,1,FishFlakes,Ni6,215.2,198.57,26.857,7,1804.72
FH,2,FishFlakes,Ni4,29.5,30.56,4.126,7,1861.19
FH,3,FishFlakes,Ni3,10.9,12.67,1.71,7,1891.85
FH,4,FishFlakes,Ni0,0,1.93,0.261,7,
FH,5,FishFlakes,Ni2,4.1,5.97,0.806,7,1926.86
FH,6,FishFlakes,Ni1,1.5,3.38,0.456,7,1880.73
FH,7,FishFlakes,Ni5,79.7,81.99,11.076,7,2018.76
FH,8,FishFlakes,Ni3,10.9,12.67,1.71,7,1800.31
FH,9,FishFlakes,Ni4,29.5,30.56,4.126,7,2377.8
FH,10,FishFlakes,Ni2,4.1,5.97,0.806,7,2409.78
FH,11,FishFlakes,Ni5,79.7,81.99,11.076,7,2214.65
FH,12,FishFlakes,Ni6,215.2,198.57,26.857,7,1708.9
FH,13,FishFlakes,Ni0,0,1.93,0.261,7,2890.3
FH,14,FishFlakes,Ni1,1.5,3.38,0.456,7,3019.35
FH,15,FishFlakes,Ni5,79.7,81.99,11.076,7,1824.38
FH,16,FishFlakes,Ni4,29.5,30.56,4.126,7,1792.04
FH,17,FishFlakes,Ni2,4.1,5.97,0.806,7,1776.34
FH,18,FishFlakes,Ni0,0,1.93,0.261,7,2783.84
FH,19,FishFlakes,Ni6,215.2,198.57,26.857,7,
FH,20,FishFlakes,Ni3,10.9,12.67,1.71,7,2099.93
FH,21,FishFlakes,Ni1,1.5,3.38,0.456,7,2871.09
FH,22,FishFlakes,Ni4,29.5,30.56,4.126,7,1922.62
FH,23,FishFlakes,Ni5,79.7,81.99,11.076,7,2483.99
FH,24,FishFlakes,Ni1,1.5,3.38,0.456,7,1924.21
FH,25,FishFlakes,Ni3,10.9,12.67,1.71,7,2367.4
FH,26,FishFlakes,Ni0,0,1.93,0.261,7,2026.57
FH,27,FishFlakes,Ni2,4.1,5.97,0.806,7,1949.2
FH,28,FishFlakes,Ni6,215.2,198.57,26.857,7,1783.22
FH,29,FishFlakes,Ni6,215.2,198.57,26.857,7,1622.3
FH,30,FishFlakes,Ni2,4.1,5.97,0.806,7,1987.48
FH,31,FishFlakes,Ni0,0,1.93,0.261,7,2278.35
FH,32,FishFlakes,Ni3,10.9,12.67,1.71,7,2198.46
FH,33,FishFlakes,Ni5,79.7,81.99,11.076,7,2092.64
FH,34,FishFlakes,Ni1,1.5,3.38,0.456,7,2834.18
FH,35,FishFlakes,Ni4,29.5,30.56,4.126,7,2317.47
FH,36,FishFlakes,Ni6,215.2,198.57,26.857,7,1592.55
FH,37,FishFlakes,Ni2,4.1,5.97,0.806,7,2485.44
FH,38,FishFlakes,Ni3,10.9,12.67,1.71,7,1817.83
FH,39,FishFlakes,Ni4,29.5,30.56,4.126,7,2409.22
FH,40,FishFlakes,Ni1,1.5,3.38,0.456,7,1745.34
FH,41,FishFlakes,Ni0,0,1.93,0.261,7,1996
FH,42,FishFlakes,Ni5,79.7,81.99,11.076,7,1511.2
FH,43,FishFlakes,Ni3,10.9,12.67,1.71,7,2055.52
FH,44,FishFlakes,Ni0,0,1.93,0.261,7,2253.16
FH,45,FishFlakes,Ni2,4.1,5.97,0.806,7,2289.49
FH,46,FishFlakes,Ni5,79.7,81.99,11.076,7,2119.12
FH,47,FishFlakes,Ni4,29.5,30.56,4.126,7,2142.87
FH,48,FishFlakes,Ni6,215.2,198.57,26.857,7,1980.4
FH,49,FishFlakes,Ni1,1.5,3.38,0.456,7,3040
FH,50,FishFlakes,Ni3,10.9,12.67,1.71,7,2744.06
FH,51,FishFlakes,Ni4,29.5,30.56,4.126,7,2047.41
FH,52,FishFlakes,Ni6,215.2,198.57,26.857,7,1937.02
FH,53,FishFlakes,Ni1,1.5,3.38,0.456,7,1528.14
FH,54,FishFlakes,Ni5,79.7,81.99,11.076,7,1926.87
FH,55,FishFlakes,Ni2,4.1,5.97,0.806,7,2238.31
FH,56,FishFlakes,Ni0,0,1.93,0.261,7,2239.2
FH,57,FishFlakes,Ni5,79.7,81.99,11.076,7,1824.9
FH,58,FishFlakes,Ni3,10.9,12.67,1.71,7,2014.26
FH,59,FishFlakes,Ni2,4.1,5.97,0.806,7,2123.85
FH,60,FishFlakes,Ni4,29.5,30.56,4.126,7,2688.09
FH,61,FishFlakes,Ni1,1.5,3.38,0.456,7,2610.3
FH,62,FishFlakes,Ni0,0,1.93,0.261,7,2672.17
FH,63,FishFlakes,Ni6,215.2,198.57,26.857,7,2190.31
FH,64,FishFlakes,Ni1,1.5,3.38,0.456,7,2346.45
FH,65,FishFlakes,Ni5,79.7,81.99,11.076,7,1886.04
FH,66,FishFlakes,Ni4,29.5,30.56,4.126,7,2340.78
FH,67,FishFlakes,Ni2,4.1,5.97,0.806,7,2376.42
FH,68,FishFlakes,Ni0,0,1.93,0.261,7,2684.05
FH,69,FishFlakes,Ni3,10.9,12.67,1.71,7,2437.39
FH,70,FishFlakes,Ni6,215.2,198.57,26.857,7,1970.35
FH,1,FishFlakes,Ni6,215.2,198.57,26.857,14,
FH,2,FishFlakes,Ni4,29.5,30.56,4.126,14,2011.55
FH,3,FishFlakes,Ni3,10.9,12.67,1.71,14,2275.08
FH,4,FishFlakes,Ni0,0,1.93,0.261,14,
FH,5,FishFlakes,Ni2,4.1,5.97,0.806,14,2392.79
FH,6,FishFlakes,Ni1,1.5,3.38,0.456,14,2521.14
FH,7,FishFlakes,Ni5,79.7,81.99,11.076,14,2174.85
FH,8,FishFlakes,Ni3,10.9,12.67,1.71,14,1916.51
FH,9,FishFlakes,Ni4,29.5,30.56,4.126,14,2529.41
FH,10,FishFlakes,Ni2,4.1,5.97,0.806,14,3279.37
FH,11,FishFlakes,Ni5,79.7,81.99,11.076,14,2363.84
FH,12,FishFlakes,Ni6,215.2,198.57,26.857,14,1078.37
FH,13,FishFlakes,Ni0,0,1.93,0.261,14,4854.71
FH,14,FishFlakes,Ni1,1.5,3.38,0.456,14,4313.02
FH,15,FishFlakes,Ni5,79.7,81.99,11.076,14,1975.95
FH,16,FishFlakes,Ni4,29.5,30.56,4.126,14,2200.39
FH,17,FishFlakes,Ni2,4.1,5.97,0.806,14,2293.8
FH,18,FishFlakes,Ni0,0,1.93,0.261,14,4744.52
FH,19,FishFlakes,Ni6,215.2,198.57,26.857,14,
FH,20,FishFlakes,Ni3,10.9,12.67,1.71,14,2476.36
FH,21,FishFlakes,Ni1,1.5,3.38,0.456,14,4615.8
FH,22,FishFlakes,Ni4,29.5,30.56,4.126,14,2165.09
FH,23,FishFlakes,Ni5,79.7,81.99,11.076,14,2477.66
FH,24,FishFlakes,Ni1,1.5,3.38,0.456,14,2879.45
FH,25,FishFlakes,Ni3,10.9,12.67,1.71,14,2968.41
FH,26,FishFlakes,Ni0,0,1.93,0.261,14,3069.82
FH,27,FishFlakes,Ni2,4.1,5.97,0.806,14,2484.27
FH,28,FishFlakes,Ni6,215.2,198.57,26.857,14,1750.63
FH,29,FishFlakes,Ni6,215.2,198.57,26.857,14,1668.71
FH,30,FishFlakes,Ni2,4.1,5.97,0.806,14,2682.21
FH,31,FishFlakes,Ni0,0,1.93,0.261,14,4117.48
FH,32,FishFlakes,Ni3,10.9,12.67,1.71,14,2426.35
FH,33,FishFlakes,Ni5,79.7,81.99,11.076,14,2093.79
FH,34,FishFlakes,Ni1,1.5,3.38,0.456,14,4786.01
FH,35,FishFlakes,Ni4,29.5,30.56,4.126,14,2605.59
FH,36,FishFlakes,Ni6,215.2,198.57,26.857,14,1787.02
FH,37,FishFlakes,Ni2,4.1,5.97,0.806,14,2991.55
FH,38,FishFlakes,Ni3,10.9,12.67,1.71,14,2101.78
FH,39,FishFlakes,Ni4,29.5,30.56,4.126,14,2803.95
FH,40,FishFlakes,Ni1,1.5,3.38,0.456,14,2943.83
FH,41,FishFlakes,Ni0,0,1.93,0.261,14,1988.34
FH,42,FishFlakes,Ni5,79.7,81.99,11.076,14,2270.62
FH,43,FishFlakes,Ni3,10.9,12.67,1.71,14,2892.86
FH,44,FishFlakes,Ni0,0,1.93,0.261,14,3250.92
FH,45,FishFlakes,Ni2,4.1,5.97,0.806,14,2877.32
FH,46,FishFlakes,Ni5,79.7,81.99,11.076,14,2176.28
FH,47,FishFlakes,Ni4,29.5,30.56,4.126,14,2564.14
FH,48,FishFlakes,Ni6,215.2,198.57,26.857,14,2140.28
FH,49,FishFlakes,Ni1,1.5,3.38,0.456,14,4713.16
FH,50,FishFlakes,Ni3,10.9,12.67,1.71,14,3097.66
FH,51,FishFlakes,Ni4,29.5,30.56,4.126,14,2485.59
FH,52,FishFlakes,Ni6,215.2,198.57,26.857,14,1942.93
FH,53,FishFlakes,Ni1,1.5,3.38,0.456,14,1486.18
FH,54,FishFlakes,Ni5,79.7,81.99,11.076,14,2177.25
FH,55,FishFlakes,Ni2,4.1,5.97,0.806,14,3361.29
FH,56,FishFlakes,Ni0,0,1.93,0.261,14,3846.34
FH,57,FishFlakes,Ni5,79.7,81.99,11.076,14,1967.99
FH,58,FishFlakes,Ni3,10.9,12.67,1.71,14,2021.59
FH,59,FishFlakes,Ni2,4.1,5.97,0.806,14,2138.81
FH,60,FishFlakes,Ni4,29.5,30.56,4.126,14,2987.34
FH,61,FishFlakes,Ni1,1.5,3.38,0.456,14,4401.93
FH,62,FishFlakes,Ni0,0,1.93,0.261,14,4933.55
FH,63,FishFlakes,Ni6,215.2,198.57,26.857,14,2657.5
FH,64,FishFlakes,Ni1,1.5,3.38,0.456,14,2208.36
FH,65,FishFlakes,Ni5,79.7,81.99,11.076,14,1991.16
FH,66,FishFlakes,Ni4,29.5,30.56,4.126,14,2663.72
FH,67,FishFlakes,Ni2,4.1,5.97,0.806,14,3411.85
FH,68,FishFlakes,Ni0,0,1.93,0.261,14,4518.76
FH,69,FishFlakes,Ni3,10.9,12.67,1.71,14,3049.09
FH,70,FishFlakes,Ni6,215.2,198.57,26.857,14,2039.73
FH,1,FishFlakes,Ni6,215.2,198.57,26.857,21,
FH,2,FishFlakes,Ni4,29.5,30.56,4.126,21,2091.43
FH,3,FishFlakes,Ni3,10.9,12.67,1.71,21,2510.27
FH,4,FishFlakes,Ni0,0,1.93,0.261,21,
FH,5,FishFlakes,Ni2,4.1,5.97,0.806,21,2585.96
FH,6,FishFlakes,Ni1,1.5,3.38,0.456,21,2550.19
FH,7,FishFlakes,Ni5,79.7,81.99,11.076,21,2140.93
FH,8,FishFlakes,Ni3,10.9,12.67,1.71,21,
FH,9,FishFlakes,Ni4,29.5,30.56,4.126,21,2758.05
FH,10,FishFlakes,Ni2,4.1,5.97,0.806,21,3670.52
FH,11,FishFlakes,Ni5,79.7,81.99,11.076,21,2111.59
FH,12,FishFlakes,Ni6,215.2,198.57,26.857,21,1839.68
FH,13,FishFlakes,Ni0,0,1.93,0.261,21,6657.11
FH,14,FishFlakes,Ni1,1.5,3.38,0.456,21,5453.66
FH,15,FishFlakes,Ni5,79.7,81.99,11.076,21,2061.17
FH,16,FishFlakes,Ni4,29.5,30.56,4.126,21,2409.47
FH,17,FishFlakes,Ni2,4.1,5.97,0.806,21,3049.88
FH,18,FishFlakes,Ni0,0,1.93,0.261,21,6128.8
FH,19,FishFlakes,Ni6,215.2,198.57,26.857,21,
FH,20,FishFlakes,Ni3,10.9,12.67,1.71,21,2488.46
FH,21,FishFlakes,Ni1,1.5,3.38,0.456,21,5274
FH,22,FishFlakes,Ni4,29.5,30.56,4.126,21,2391.75
FH,23,FishFlakes,Ni5,79.7,81.99,11.076,21,2498.35
FH,24,FishFlakes,Ni1,1.5,3.38,0.456,21,3575.43
FH,25,FishFlakes,Ni3,10.9,12.67,1.71,21,2860.77
FH,26,FishFlakes,Ni0,0,1.93,0.261,21,4171.62
FH,27,FishFlakes,Ni2,4.1,5.97,0.806,21,2998.76
FH,28,FishFlakes,Ni6,215.2,198.57,26.857,21,1851.85
FH,29,FishFlakes,Ni6,215.2,198.57,26.857,21,1615
FH,30,FishFlakes,Ni2,4.1,5.97,0.806,21,3066.26
FH,31,FishFlakes,Ni0,0,1.93,0.261,21,6094.54
FH,32,FishFlakes,Ni3,10.9,12.67,1.71,21,2578.74
FH,33,FishFlakes,Ni5,79.7,81.99,11.076,21,1988.2
FH,34,FishFlakes,Ni1,1.5,3.38,0.456,21,5620.6
FH,35,FishFlakes,Ni4,29.5,30.56,4.126,21,2527.06
FH,36,FishFlakes,Ni6,215.2,198.57,26.857,21,1641.52
FH,37,FishFlakes,Ni2,4.1,5.97,0.806,21,3703.73
FH,38,FishFlakes,Ni3,10.9,12.67,1.71,21,2328.61
FH,39,FishFlakes,Ni4,29.5,30.56,4.126,21,2803.17
FH,40,FishFlakes,Ni1,1.5,3.38,0.456,21,3475.69
FH,41,FishFlakes,Ni0,0,1.93,0.261,21,1811.54
FH,42,FishFlakes,Ni5,79.7,81.99,11.076,21,2258.22
FH,43,FishFlakes,Ni3,10.9,12.67,1.71,21,3007.85
FH,44,FishFlakes,Ni0,0,1.93,0.261,21,5139.91
FH,45,FishFlakes,Ni2,4.1,5.97,0.806,21,3914.65
FH,46,FishFlakes,Ni5,79.7,81.99,11.076,21,
FH,47,FishFlakes,Ni4,29.5,30.56,4.126,21,2734.94
FH,48,FishFlakes,Ni6,215.2,198.57,26.857,21,
FH,49,FishFlakes,Ni1,1.5,3.38,0.456,21,5828.1
FH,50,FishFlakes,Ni3,10.9,12.67,1.71,21,3278.97
FH,51,FishFlakes,Ni4,29.5,30.56,4.126,21,2562.67
FH,52,FishFlakes,Ni6,215.2,198.57,26.857,21,1853.42
FH,53,FishFlakes,Ni1,1.5,3.38,0.456,21,
FH,54,FishFlakes,Ni5,79.7,81.99,11.076,21,2039.72
FH,55,FishFlakes,Ni2,4.1,5.97,0.806,21,4018.04
FH,56,FishFlakes,Ni0,0,1.93,0.261,21,5738.87
FH,57,FishFlakes,Ni5,79.7,81.99,11.076,21,2022.42
FH,58,FishFlakes,Ni3,10.9,12.67,1.71,21,1971.28
FH,59,FishFlakes,Ni2,4.1,5.97,0.806,21,2677.39
FH,60,FishFlakes,Ni4,29.5,30.56,4.126,21,3042.2
FH,61,FishFlakes,Ni1,1.5,3.38,0.456,21,4975.48
FH,62,FishFlakes,Ni0,0,1.93,0.261,21,6718.29
FH,63,FishFlakes,Ni6,215.2,198.57,26.857,21,2813.36
FH,64,FishFlakes,Ni1,1.5,3.38,0.456,21,2180.39
FH,65,FishFlakes,Ni5,79.7,81.99,11.076,21,1915.76
FH,66,FishFlakes,Ni4,29.5,30.56,4.126,21,2526.15
FH,67,FishFlakes,Ni2,4.1,5.97,0.806,21,4284.53
FH,68,FishFlakes,Ni0,0,1.93,0.261,21,5900.64
FH,69,FishFlakes,Ni3,10.9,12.67,1.71,21,3145.78
FH,70,FishFlakes,Ni6,215.2,198.57,26.857,21,1871.07
FH,1,FishFlakes,Ni6,215.2,198.57,26.857,28,
FH,2,FishFlakes,Ni4,29.5,30.56,4.126,28,2226.55
FH,3,FishFlakes,Ni3,10.9,12.67,1.71,28,2803.36
FH,4,FishFlakes,Ni0,0,1.93,0.261,28,
FH,5,FishFlakes,Ni2,4.1,5.97,0.806,28,3156.89
FH,6,FishFlakes,Ni1,1.5,3.38,0.456,28,2854.11
FH,7,FishFlakes,Ni5,79.7,81.99,11.076,28,2150.37
FH,8,FishFlakes,Ni3,10.9,12.67,1.71,28,
FH,9,FishFlakes,Ni4,29.5,30.56,4.126,28,2741.6
FH,10,FishFlakes,Ni2,4.1,5.97,0.806,28,4210.83
FH,11,FishFlakes,Ni5,79.7,81.99,11.076,28,2246.94
FH,12,FishFlakes,Ni6,215.2,198.57,26.857,28,1776.25
FH,13,FishFlakes,Ni0,0,1.93,0.261,28,7982.83
FH,14,FishFlakes,Ni1,1.5,3.38,0.456,28,6647.97
FH,15,FishFlakes,Ni5,79.7,81.99,11.076,28,1919.92
FH,16,FishFlakes,Ni4,29.5,30.56,4.126,28,2671.11
FH,17,FishFlakes,Ni2,4.1,5.97,0.806,28,3405.1
FH,18,FishFlakes,Ni0,0,1.93,0.261,28,8495.17
FH,19,FishFlakes,Ni6,215.2,198.57,26.857,28,
FH,20,FishFlakes,Ni3,10.9,12.67,1.71,28,2541.19
FH,21,FishFlakes,Ni1,1.5,3.38,0.456,28,5853.55
FH,22,FishFlakes,Ni4,29.5,30.56,4.126,28,2692.5
FH,23,FishFlakes,Ni5,79.7,81.99,11.076,28,2439.5
FH,24,FishFlakes,Ni1,1.5,3.38,0.456,28,3695.21
FH,25,FishFlakes,Ni3,10.9,12.67,1.71,28,3084.82
FH,26,FishFlakes,Ni0,0,1.93,0.261,28,5858.96
FH,27,FishFlakes,Ni2,4.1,5.97,0.806,28,3265.03
FH,28,FishFlakes,Ni6,215.2,198.57,26.857,28,1707.63
FH,29,FishFlakes,Ni6,215.2,198.57,26.857,28,
FH,30,FishFlakes,Ni2,4.1,5.97,0.806,28,3370.56
FH,31,FishFlakes,Ni0,0,1.93,0.261,28,7327.68
FH,32,FishFlakes,Ni3,10.9,12.67,1.71,28,2775.15
FH,33,FishFlakes,Ni5,79.7,81.99,11.076,28,
FH,34,FishFlakes,Ni1,1.5,3.38,0.456,28,6535.09
FH,35,FishFlakes,Ni4,29.5,30.56,4.126,28,2751.27
FH,36,FishFlakes,Ni6,215.2,198.57,26.857,28,1779.04
FH,37,FishFlakes,Ni2,4.1,5.97,0.806,28,4068.86
FH,38,FishFlakes,Ni3,10.9,12.67,1.71,28,2773.39
FH,39,FishFlakes,Ni4,29.5,30.56,4.126,28,2824.85
FH,40,FishFlakes,Ni1,1.5,3.38,0.456,28,3998.19
FH,41,FishFlakes,Ni0,0,1.93,0.261,28,1998.74
FH,42,FishFlakes,Ni5,79.7,81.99,11.076,28,2317.58
FH,43,FishFlakes,Ni3,10.9,12.67,1.71,28,
FH,44,FishFlakes,Ni0,0,1.93,0.261,28,6653.71
FH,45,FishFlakes,Ni2,4.1,5.97,0.806,28,4634.43
FH,46,FishFlakes,Ni5,79.7,81.99,11.076,28,
FH,47,FishFlakes,Ni4,29.5,30.56,4.126,28,2839.91
FH,48,FishFlakes,Ni6,215.2,198.57,26.857,28,
FH,49,FishFlakes,Ni1,1.5,3.38,0.456,28,7500.08
FH,50,FishFlakes,Ni3,10.9,12.67,1.71,28,3354.09
FH,51,FishFlakes,Ni4,29.5,30.56,4.126,28,2816.05
FH,52,FishFlakes,Ni6,215.2,198.57,26.857,28,1982.26
FH,53,FishFlakes,Ni1,1.5,3.38,0.456,28,
FH,54,FishFlakes,Ni5,79.7,81.99,11.076,28,2311.52
FH,55,FishFlakes,Ni2,4.1,5.97,0.806,28,4623.4
FH,56,FishFlakes,Ni0,0,1.93,0.261,28,7775.64
FH,57,FishFlakes,Ni5,79.7,81.99,11.076,28,2055.68
FH,58,FishFlakes,Ni3,10.9,12.67,1.71,28,2055.38
FH,59,FishFlakes,Ni2,4.1,5.97,0.806,28,3149.61
FH,60,FishFlakes,Ni4,29.5,30.56,4.126,28,2489.83
FH,61,FishFlakes,Ni1,1.5,3.38,0.456,28,6789.14
FH,62,FishFlakes,Ni0,0,1.93,0.261,28,9800.64
FH,63,FishFlakes,Ni6,215.2,198.57,26.857,28,2846.75
FH,64,FishFlakes,Ni1,1.5,3.38,0.456,28,2098.43
FH,65,FishFlakes,Ni5,79.7,81.99,11.076,28,
FH,66,FishFlakes,Ni4,29.5,30.56,4.126,28,2779.68
FH,67,FishFlakes,Ni2,4.1,5.97,0.806,28,4931.47
FH,68,FishFlakes,Ni0,0,1.93,0.261,28,7343.69
FH,69,FishFlakes,Ni3,10.9,12.67,1.71,28,3213.69
FH,70,FishFlakes,Ni6,215.2,198.57,26.857,28,
2WFF,1,FishFlakes,Ni2,4.1,5.72,1.101,14,2202.29
2WFF,2,FishFlakes,Ni0,0,1.07,0.206,14,2348.49
2WFF,3,FishFlakes,Ni1,1.5,3.06,0.589,14,2418.94
2WFF,4,FishFlakes,Ni4,29.5,31.89,6.14,14,2936.79
2WFF,5,FishFlakes,Ni5,79.7,77.39,14.905,14,1882.91
2WFF,6,FishFlakes,Ni6,215.2,201.16,38.78,14,2485.25
2WFF,7,FishFlakes,Ni3,10.9,13.01,2.504,14,2082.39
2WFF,8,FishFlakes,Ni5,79.7,77.39,14.905,14,2504.74
2WFF,9,FishFlakes,Ni1,1.5,3.06,0.589,14,2801.9
2WFF,10,FishFlakes,Ni0,0,1.07,0.206,14,2719.07
2WFF,11,FishFlakes,Ni6,215.2,201.16,38.78,14,2157.47
2WFF,12,FishFlakes,Ni4,29.5,31.89,6.14,14,2415.18
2WFF,13,FishFlakes,Ni2,4.1,5.72,1.101,14,2007.54
2WFF,14,FishFlakes,Ni3,10.9,13.01,2.504,14,2038.85
2WFF,15,FishFlakes,Ni3,10.9,13.01,2.504,14,2414.97
2WFF,16,FishFlakes,Ni6,215.2,201.16,38.78,14,3308.82
2WFF,17,FishFlakes,Ni1,1.5,3.06,0.589,14,2721.27
2WFF,18,FishFlakes,Ni2,4.1,5.72,1.101,14,2391.42
2WFF,19,FishFlakes,Ni5,79.7,77.39,14.905,14,2539.05
2WFF,20,FishFlakes,Ni4,29.5,31.89,6.14,14,2493.39
2WFF,21,FishFlakes,Ni0,0,1.07,0.206,14,2761.25
2WFF,22,FishFlakes,Ni2,4.1,5.72,1.101,14,2310.86
2WFF,23,FishFlakes,Ni5,79.7,77.39,14.905,14,2085.25
2WFF,24,FishFlakes,Ni6,215.2,201.16,38.78,14,2345.26
2WFF,25,FishFlakes,Ni1,1.5,3.06,0.589,14,3073.17
2WFF,26,FishFlakes,Ni0,0,1.07,0.206,14,2084.44
2WFF,27,FishFlakes,Ni4,29.5,31.89,6.14,14,2492.21
2WFF,28,FishFlakes,Ni3,10.9,13.01,2.504,14,2521.54
2WFF,29,FishFlakes,Ni4,29.5,31.89,6.14,14,2254.2
2WFF,30,FishFlakes,Ni1,1.5,3.06,0.589,14,2155.49
2WFF,31,FishFlakes,Ni0,0,1.07,0.206,14,2339.34
2WFF,32,FishFlakes,Ni3,10.9,13.01,2.504,14,2398.64
2WFF,33,FishFlakes,Ni6,215.2,201.16,38.78,14,2464.36
2WFF,34,FishFlakes,Ni2,4.1,5.72,1.101,14,2729.55
2WFF,35,FishFlakes,Ni5,79.7,77.39,14.905,14,2022.78
2WFF,36,FishFlakes,Ni3,10.9,13.01,2.504,14,2619.55
2WFF,37,FishFlakes,Ni1,1.5,3.06,0.589,14,3017.02
2WFF,38,FishFlakes,Ni0,0,1.07,0.206,14,2623.51
2WFF,39,FishFlakes,Ni6,215.2,201.16,38.78,14,2378.59
2WFF,40,FishFlakes,Ni5,79.7,77.39,14.905,14,2352.96
2WFF,41,FishFlakes,Ni2,4.1,5.72,1.101,14,2226.5
2WFF,42,FishFlakes,Ni4,29.5,31.89,6.14,14,2185.43
2WFF,43,FishFlakes,Ni2,4.1,5.72,1.101,14,2492.95
2WFF,44,FishFlakes,Ni0,0,1.07,0.206,14,2538.54
2WFF,45,FishFlakes,Ni6,215.2,201.16,38.78,14,2557.17
2WFF,46,FishFlakes,Ni3,10.9,13.01,2.504,14,3002.48
2WFF,47,FishFlakes,Ni4,29.5,31.89,6.14,14,2342.48
2WFF,48,FishFlakes,Ni1,1.5,3.06,0.589,14,2818.78
2WFF,49,FishFlakes,Ni5,79.7,77.39,14.905,14,2465.21
2WFF,1,FishFlakes,Ni2,4.1,5.72,1.101,21,4054.72
2WFF,2,FishFlakes,Ni0,0,1.07,0.206,21,
2WFF,3,FishFlakes,Ni1,1.5,3.06,0.589,21,3442.56
2WFF,4,FishFlakes,Ni4,29.5,31.89,6.14,21,3520.23
2WFF,5,FishFlakes,Ni5,79.7,77.39,14.905,21,2083.31
2WFF,6,FishFlakes,Ni6,215.2,201.16,38.78,21,2438.2
2WFF,7,FishFlakes,Ni3,10.9,13.01,2.504,21,2639.76
2WFF,8,FishFlakes,Ni5,79.7,77.39,14.905,21,2664.48
2WFF,9,FishFlakes,Ni1,1.5,3.06,0.589,21,3669.58
2WFF,10,FishFlakes,Ni0,0,1.07,0.206,21,3165.95
2WFF,11,FishFlakes,Ni6,215.2,201.16,38.78,21,2024.37
2WFF,12,FishFlakes,Ni4,29.5,31.89,6.14,21,2844.55
2WFF,13,FishFlakes,Ni2,4.1,5.72,1.101,21,2595.81
2WFF,14,FishFlakes,Ni3,10.9,13.01,2.504,21,2596.9
2WFF,15,FishFlakes,Ni3,10.9,13.01,2.504,21,2972.18
2WFF,16,FishFlakes,Ni6,215.2,201.16,38.78,21,3437.37
2WFF,17,FishFlakes,Ni1,1.5,3.06,0.589,21,3003.73
2WFF,18,FishFlakes,Ni2,4.1,5.72,1.101,21,3540.51
2WFF,19,FishFlakes,Ni5,79.7,77.39,14.905,21,2731.38
2WFF,20,FishFlakes,Ni4,29.5,31.89,6.14,21,2994.61
2WFF,21,FishFlakes,Ni0,0,1.07,0.206,21,5495.67
2WFF,22,FishFlakes,Ni2,4.1,5.72,1.101,21,3211.47
2WFF,23,FishFlakes,Ni5,79.7,77.39,14.905,21,2161.05
2WFF,24,FishFlakes,Ni6,215.2,201.16,38.78,21,2473.94
2WFF,25,FishFlakes,Ni1,1.5,3.06,0.589,21,4626.69
2WFF,26,FishFlakes,Ni0,0,1.07,0.206,21,3198.72
2WFF,27,FishFlakes,Ni4,29.5,31.89,6.14,21,2979.94
2WFF,28,FishFlakes,Ni3,10.9,13.01,2.504,21,2939.64
2WFF,29,FishFlakes,Ni4,29.5,31.89,6.14,21,2780.36
2WFF,30,FishFlakes,Ni1,1.5,3.06,0.589,21,2988.29
2WFF,31,FishFlakes,Ni0,0,1.07,0.206,21,2763.3
2WFF,32,FishFlakes,Ni3,10.9,13.01,2.504,21,3109.85
2WFF,33,FishFlakes,Ni6,215.2,201.16,38.78,21,2589.94
2WFF,34,FishFlakes,Ni2,4.1,5.72,1.101,21,2925.53
2WFF,35,FishFlakes,Ni5,79.7,77.39,14.905,21,2489.98
2WFF,36,FishFlakes,Ni3,10.9,13.01,2.504,21,3258.45
2WFF,37,FishFlakes,Ni1,1.5,3.06,0.589,21,3598.29
2WFF,38,FishFlakes,Ni0,0,1.07,0.206,21,3414.13
2WFF,39,FishFlakes,Ni6,215.2,201.16,38.78,21,2349.27
2WFF,40,FishFlakes,Ni5,79.7,77.39,14.905,21,2744.11
2WFF,41,FishFlakes,Ni2,4.1,5.72,1.101,21,2596.49
2WFF,42,FishFlakes,Ni4,29.5,31.89,6.14,21,2945.01
2WFF,43,FishFlakes,Ni2,4.1,5.72,1.101,21,3642.38
2WFF,44,FishFlakes,Ni0,0,1.07,0.206,21,3700.83
2WFF,45,FishFlakes,Ni6,215.2,201.16,38.78,21,2709.95
2WFF,46,FishFlakes,Ni3,10.9,13.01,2.504,21,3584.09
2WFF,47,FishFlakes,Ni4,29.5,31.89,6.14,21,2698.97
2WFF,48,FishFlakes,Ni1,1.5,3.06,0.589,21,3833.04
2WFF,49,FishFlakes,Ni5,79.7,77.39,14.905,21,2477.58
2WFF,1,FishFlakes,Ni2,4.1,5.72,1.101,28,4774.12
2WFF,2,FishFlakes,Ni0,0,1.07,0.206,28,
2WFF,3,FishFlakes,Ni1,1.5,3.06,0.589,28,4089.01
2WFF,4,FishFlakes,Ni4,29.5,31.89,6.14,28,3644.58
2WFF,5,FishFlakes,Ni5,79.7,77.39,14.905,28,2669.11
2WFF,6,FishFlakes,Ni6,215.2,201.16,38.78,28,2266
2WFF,7,FishFlakes,Ni3,10.9,13.01,2.504,28,3101.87
2WFF,8,FishFlakes,Ni5,79.7,77.39,14.905,28,2475.46
2WFF,9,FishFlakes,Ni1,1.5,3.06,0.589,28,4791.68
2WFF,10,FishFlakes,Ni0,0,1.07,0.206,28,4927.9
2WFF,11,FishFlakes,Ni6,215.2,201.16,38.78,28,2126.21
2WFF,12,FishFlakes,Ni4,29.5,31.89,6.14,28,2733.47
2WFF,13,FishFlakes,Ni2,4.1,5.72,1.101,28,2699.83
2WFF,14,FishFlakes,Ni3,10.9,13.01,2.504,28,2627.7
2WFF,15,FishFlakes,Ni3,10.9,13.01,2.504,28,3227.56
2WFF,16,FishFlakes,Ni6,215.2,201.16,38.78,28,3495.4
2WFF,17,FishFlakes,Ni1,1.5,3.06,0.589,28,5324.88
2WFF,18,FishFlakes,Ni2,4.1,5.72,1.101,28,4114.95
2WFF,19,FishFlakes,Ni5,79.7,77.39,14.905,28,2521.15
2WFF,20,FishFlakes,Ni4,29.5,31.89,6.14,28,2843.89
2WFF,21,FishFlakes,Ni0,0,1.07,0.206,28,2749.49
2WFF,22,FishFlakes,Ni2,4.1,5.72,1.101,28,
2WFF,23,FishFlakes,Ni5,79.7,77.39,14.905,28,2361.26
2WFF,24,FishFlakes,Ni6,215.2,201.16,38.78,28,
2WFF,25,FishFlakes,Ni1,1.5,3.06,0.589,28,4571.99
2WFF,26,FishFlakes,Ni0,0,1.07,0.206,28,5848.16
2WFF,27,FishFlakes,Ni4,29.5,31.89,6.14,28,3067.91
2WFF,28,FishFlakes,Ni3,10.9,13.01,2.504,28,2801.43
2WFF,29,FishFlakes,Ni4,29.5,31.89,6.14,28,2631.61
2WFF,30,FishFlakes,Ni1,1.5,3.06,0.589,28,3965.22
2WFF,31,FishFlakes,Ni0,0,1.07,0.206,28,6260.48
2WFF,32,FishFlakes,Ni3,10.9,13.01,2.504,28,3349.98
2WFF,33,FishFlakes,Ni6,215.2,201.16,38.78,28,2301.26
2WFF,34,FishFlakes,Ni2,4.1,5.72,1.101,28,3440.33
2WFF,35,FishFlakes,Ni5,79.7,77.39,14.905,28,2549.67
2WFF,36,FishFlakes,Ni3,10.9,13.01,2.504,28,3542.1
2WFF,37,FishFlakes,Ni1,1.5,3.06,0.589,28,5035.57
2WFF,38,FishFlakes,Ni0,0,1.07,0.206,28,4958.59
2WFF,39,FishFlakes,Ni6,215.2,201.16,38.78,28,2445.97
2WFF,40,FishFlakes,Ni5,79.7,77.39,14.905,28,3089.68
2WFF,41,FishFlakes,Ni2,4.1,5.72,1.101,28,3392.2
2WFF,42,FishFlakes,Ni4,29.5,31.89,6.14,28,2981.86
2WFF,43,FishFlakes,Ni2,4.1,5.72,1.101,28,3990.56
2WFF,44,FishFlakes,Ni0,0,1.07,0.206,28,5261.71
2WFF,45,FishFlakes,Ni6,215.2,201.16,38.78,28,2692.57
2WFF,46,FishFlakes,Ni3,10.9,13.01,2.504,28,3274.55
2WFF,47,FishFlakes,Ni4,29.5,31.89,6.14,28,2580.7
2WFF,48,FishFlakes,Ni1,1.5,3.06,0.589,28,4551.6
2WFF,49,FishFlakes,Ni5,79.7,77.39,14.905,28,2404.04
2WFF,1,FishFlakes,Ni2,4.1,5.72,1.101,35,5700.31
2WFF,2,FishFlakes,Ni0,0,1.07,0.206,35,
2WFF,3,FishFlakes,Ni1,1.5,3.06,0.589,35,4789.05
2WFF,4,FishFlakes,Ni4,29.5,31.89,6.14,35,3726.25
2WFF,5,FishFlakes,Ni5,79.7,77.39,14.905,35,2605.51
2WFF,6,FishFlakes,Ni6,215.2,201.16,38.78,35,2396.16
2WFF,7,FishFlakes,Ni3,10.9,13.01,2.504,35,3077.9
2WFF,8,FishFlakes,Ni5,79.7,77.39,14.905,35,2762.8
2WFF,9,FishFlakes,Ni1,1.5,3.06,0.589,35,5251.31
2WFF,10,FishFlakes,Ni0,0,1.07,0.206,35,6107.84
2WFF,11,FishFlakes,Ni6,215.2,201.16,38.78,35,2203.88
2WFF,12,FishFlakes,Ni4,29.5,31.89,6.14,35,3082.7
2WFF,13,FishFlakes,Ni2,4.1,5.72,1.101,35,
2WFF,14,FishFlakes,Ni3,10.9,13.01,2.504,35,2475.42
2WFF,15,FishFlakes,Ni3,10.9,13.01,2.504,35,3259.38
2WFF,16,FishFlakes,Ni6,215.2,201.16,38.78,35,3110.07
2WFF,17,FishFlakes,Ni1,1.5,3.06,0.589,35,7198.52
2WFF,18,FishFlakes,Ni2,4.1,5.72,1.101,35,4373.95
2WFF,19,FishFlakes,Ni5,79.7,77.39,14.905,35,2601.46
2WFF,20,FishFlakes,Ni4,29.5,31.89,6.14,35,
2WFF,21,FishFlakes,Ni0,0,1.07,0.206,35,4767.94
2WFF,22,FishFlakes,Ni2,4.1,5.72,1.101,35,
2WFF,23,FishFlakes,Ni5,79.7,77.39,14.905,35,2364.36
2WFF,24,FishFlakes,Ni6,215.2,201.16,38.78,35,
2WFF,25,FishFlakes,Ni1,1.5,3.06,0.589,35,6952.67
2WFF,26,FishFlakes,Ni0,0,1.07,0.206,35,5747.62
2WFF,27,FishFlakes,Ni4,29.5,31.89,6.14,35,3043.27
2WFF,28,FishFlakes,Ni3,10.9,13.01,2.504,35,2972.04
2WFF,29,FishFlakes,Ni4,29.5,31.89,6.14,35,2700.59
2WFF,30,FishFlakes,Ni1,1.5,3.06,0.589,35,4397.8
2WFF,31,FishFlakes,Ni0,0,1.07,0.206,35,7760.45
2WFF,32,FishFlakes,Ni3,10.9,13.01,2.504,35,3315.54
2WFF,33,FishFlakes,Ni6,215.2,201.16,38.78,35,
2WFF,34,FishFlakes,Ni2,4.1,5.72,1.101,35,4067.91
2WFF,35,FishFlakes,Ni5,79.7,77.39,14.905,35,
2WFF,36,FishFlakes,Ni3,10.9,13.01,2.504,35,3424.17
2WFF,37,FishFlakes,Ni1,1.5,3.06,0.589,35,6057.31
2WFF,38,FishFlakes,Ni0,0,1.07,0.206,35,7079.31
2WFF,39,FishFlakes,Ni6,215.2,201.16,38.78,35,
2WFF,40,FishFlakes,Ni5,79.7,77.39,14.905,35,3013.61
2WFF,41,FishFlakes,Ni2,4.1,5.72,1.101,35,3511.09
2WFF,42,FishFlakes,Ni4,29.5,31.89,6.14,35,3110.06
2WFF,43,FishFlakes,Ni2,4.1,5.72,1.101,35,4259.05
2WFF,44,FishFlakes,Ni0,0,1.07,0.206,35,6506.87
2WFF,45,FishFlakes,Ni6,215.2,201.16,38.78,35,
2WFF,46,FishFlakes,Ni3,10.9,13.01,2.504,35,3193.86
2WFF,47,FishFlakes,Ni4,29.5,31.89,6.14,35,2650.93
2WFF,48,FishFlakes,Ni1,1.5,3.06,0.589,35,6007.36
2WFF,49,FishFlakes,Ni5,79.7,77.39,14.905,35,
2WFF,1,FishFlakes,Ni2,4.1,5.72,1.101,42,6825.87
2WFF,2,FishFlakes,Ni0,0,1.07,0.206,42,
2WFF,3,FishFlakes,Ni1,1.5,3.06,0.589,42,8072.54
2WFF,4,FishFlakes,Ni4,29.5,31.89,6.14,42,3996.52
2WFF,5,FishFlakes,Ni5,79.7,77.39,14.905,42,
2WFF,6,FishFlakes,Ni6,215.2,201.16,38.78,42,2383.12
2WFF,7,FishFlakes,Ni3,10.9,13.01,2.504,42,3370.79
2WFF,8,FishFlakes,Ni5,79.7,77.39,14.905,42,2508.91
2WFF,9,FishFlakes,Ni1,1.5,3.06,0.589,42,6181.53
2WFF,10,FishFlakes,Ni0,0,1.07,0.206,42,8079.93
2WFF,11,FishFlakes,Ni6,215.2,201.16,38.78,42,
2WFF,12,FishFlakes,Ni4,29.5,31.89,6.14,42,3074.52
2WFF,13,FishFlakes,Ni2,4.1,5.72,1.101,42,
2WFF,14,FishFlakes,Ni3,10.9,13.01,2.504,42,2683.63
2WFF,15,FishFlakes,Ni3,10.9,13.01,2.504,42,3305.7
2WFF,16,FishFlakes,Ni6,215.2,201.16,38.78,42,2461.82
2WFF,17,FishFlakes,Ni1,1.5,3.06,0.589,42,8602.92
2WFF,18,FishFlakes,Ni2,4.1,5.72,1.101,42,5720.99
2WFF,19,FishFlakes,Ni5,79.7,77.39,14.905,42,2778.95
2WFF,20,FishFlakes,Ni4,29.5,31.89,6.14,42,
2WFF,21,FishFlakes,Ni0,0,1.07,0.206,42,6860.51
2WFF,22,FishFlakes,Ni2,4.1,5.72,1.101,42,
2WFF,23,FishFlakes,Ni5,79.7,77.39,14.905,42,2314.95
2WFF,24,FishFlakes,Ni6,215.2,201.16,38.78,42,
2WFF,25,FishFlakes,Ni1,1.5,3.06,0.589,42,7111.79
2WFF,26,FishFlakes,Ni0,0,1.07,0.206,42,8546.9
2WFF,27,FishFlakes,Ni4,29.5,31.89,6.14,42,3015.94
2WFF,28,FishFlakes,Ni3,10.9,13.01,2.504,42,3030.39
2WFF,29,FishFlakes,Ni4,29.5,31.89,6.14,42,3141.7
2WFF,30,FishFlakes,Ni1,1.5,3.06,0.589,42,6995.65
2WFF,31,FishFlakes,Ni0,0,1.07,0.206,42,8964.29
2WFF,32,FishFlakes,Ni3,10.9,13.01,2.504,42,3366.61
2WFF,33,FishFlakes,Ni6,215.2,201.16,38.78,42,
2WFF,34,FishFlakes,Ni2,4.1,5.72,1.101,42,4514.22
2WFF,35,FishFlakes,Ni5,79.7,77.39,14.905,42,
2WFF,36,FishFlakes,Ni3,10.9,13.01,2.504,42,3562.53
2WFF,37,FishFlakes,Ni1,1.5,3.06,0.589,42,7796.47
2WFF,38,FishFlakes,Ni0,0,1.07,0.206,42,8880.14
2WFF,39,FishFlakes,Ni6,215.2,201.16,38.78,42,
2WFF,40,FishFlakes,Ni5,79.7,77.39,14.905,42,2997.12
2WFF,41,FishFlakes,Ni2,4.1,5.72,1.101,42,3686.1
2WFF,42,FishFlakes,Ni4,29.5,31.89,6.14,42,
2WFF,43,FishFlakes,Ni2,4.1,5.72,1.101,42,6076.7
2WFF,44,FishFlakes,Ni0,0,1.07,0.206,42,7356.28
2WFF,45,FishFlakes,Ni6,215.2,201.16,38.78,42,
2WFF,46,FishFlakes,Ni3,10.9,13.01,2.504,42,3674.23
2WFF,47,FishFlakes,Ni4,29.5,31.89,6.14,42,2767.72
2WFF,48,FishFlakes,Ni1,1.5,3.06,0.589,42,7175.58
2WFF,49,FishFlakes,Ni5,79.7,77.39,14.905,42,
2WL,50,Lettuce,Ni4,29.5,29.87,5.855,14,2196.08
2WL,51,Lettuce,Ni6,215.2,194.13,38.1,14,2422.75
2WL,52,Lettuce,Ni5,79.7,73.72,14.455,14,2212.1
2WL,53,Lettuce,Ni3,10.9,12.24,2.399,14,3094.69
2WL,54,Lettuce,Ni2,4.1,5.31,1.041,14,2408.07
2WL,55,Lettuce,Ni1,1.5,2.88,0.564,14,2066.59
2WL,56,Lettuce,Ni0,0,1.06,0.208,14,2497.02
2WL,57,Lettuce,Ni2,4.1,5.31,1.041,14,2293.71
2WL,58,Lettuce,Ni5,79.7,73.72,14.455,14,3170.82
2WL,59,Lettuce,Ni6,215.2,194.13,38.1,14,2739.26
2WL,60,Lettuce,Ni0,0,1.06,0.208,14,2348.83
2WL,61,Lettuce,Ni4,29.5,29.87,5.855,14,2506.47
2WL,62,Lettuce,Ni3,10.9,12.24,2.399,14,2767.85
2WL,63,Lettuce,Ni1,1.5,2.88,0.564,14,2725.39
2WL,64,Lettuce,Ni4,29.5,29.87,5.855,14,3029.54
2WL,65,Lettuce,Ni0,0,1.06,0.208,14,2374.45
2WL,66,Lettuce,Ni1,1.5,2.88,0.564,14,2301.4
2WL,67,Lettuce,Ni6,215.2,194.13,38.1,14,2739.25
2WL,68,Lettuce,Ni2,4.1,5.31,1.041,14,2794.45
2WL,69,Lettuce,Ni3,10.9,12.24,2.399,14,2247.84
2WL,70,Lettuce,Ni5,79.7,73.72,14.455,14,2418.19
2WL,71,Lettuce,Ni1,1.5,2.88,0.564,14,2495.09
2WL,72,Lettuce,Ni4,29.5,29.87,5.855,14,2014.32
2WL,73,Lettuce,Ni6,215.2,194.13,38.1,14,2046.48
2WL,74,Lettuce,Ni2,4.1,5.31,1.041,14,2129.88
2WL,75,Lettuce,Ni5,79.7,73.72,14.455,14,2460.02
2WL,76,Lettuce,Ni0,0,1.06,0.208,14,2210.36
2WL,77,Lettuce,Ni3,10.9,12.24,2.399,14,2173.81
2WL,78,Lettuce,Ni1,1.5,2.88,0.564,14,2150.31
2WL,79,Lettuce,Ni6,215.2,194.13,38.1,14,2159.47
2WL,80,Lettuce,Ni2,4.1,5.31,1.041,14,2470.04
2WL,81,Lettuce,Ni5,79.7,73.72,14.455,14,2175.16
2WL,82,Lettuce,Ni0,0,1.06,0.208,14,2213.81
2WL,83,Lettuce,Ni3,10.9,12.24,2.399,14,2177.22
2WL,84,Lettuce,Ni4,29.5,29.87,5.855,14,2574.77
2WL,85,Lettuce,Ni5,79.7,73.72,14.455,14,2360.68
2WL,86,Lettuce,Ni4,29.5,29.87,5.855,14,2313.58
2WL,87,Lettuce,Ni1,1.5,2.88,0.564,14,2699.97
2WL,88,Lettuce,Ni0,0,1.06,0.208,14,2509.72
2WL,89,Lettuce,Ni2,4.1,5.31,1.041,14,2311.94
2WL,90,Lettuce,Ni6,215.2,194.13,38.1,14,2387.58
2WL,91,Lettuce,Ni3,10.9,12.24,2.399,14,2058.13
2WL,92,Lettuce,Ni6,215.2,194.13,38.1,14,2078.76
2WL,93,Lettuce,Ni4,29.5,29.87,5.855,14,2444.72
2WL,94,Lettuce,Ni1,1.5,2.88,0.564,14,2407.63
2WL,95,Lettuce,Ni0,0,1.06,0.208,14,2867.12
2WL,96,Lettuce,Ni3,10.9,12.24,2.399,14,2814.2
2WL,97,Lettuce,Ni5,79.7,73.72,14.455,14,2800.24
2WL,98,Lettuce,Ni2 ,4.1,5.31,1.041,14,2092.89
2WL,50,Lettuce,Ni4,29.5,29.87,5.855,21,2590.3
2WL,51,Lettuce,Ni6,215.2,194.13,38.1,21,2282.29
2WL,52,Lettuce,Ni5,79.7,73.72,14.455,21,2476.49
2WL,53,Lettuce,Ni3,10.9,12.24,2.399,21,3787.17
2WL,54,Lettuce,Ni2,4.1,5.31,1.041,21,3130.64
2WL,55,Lettuce,Ni1,1.5,2.88,0.564,21,2580.2
2WL,56,Lettuce,Ni0,0,1.06,0.208,21,3541.52
2WL,57,Lettuce,Ni2,4.1,5.31,1.041,21,3115.75
2WL,58,Lettuce,Ni5,79.7,73.72,14.455,21,3567.19
2WL,59,Lettuce,Ni6,215.2,194.13,38.1,21,2809.31
2WL,60,Lettuce,Ni0,0,1.06,0.208,21,3315.95
2WL,61,Lettuce,Ni4,29.5,29.87,5.855,21,2942.92
2WL,62,Lettuce,Ni3,10.9,12.24,2.399,21,3698.36
2WL,63,Lettuce,Ni1,1.5,2.88,0.564,21,3106.92
2WL,64,Lettuce,Ni4,29.5,29.87,5.855,21,3674.7
2WL,65,Lettuce,Ni0,0,1.06,0.208,21,2682.8
2WL,66,Lettuce,Ni1,1.5,2.88,0.564,21,3096.87
2WL,67,Lettuce,Ni6,215.2,194.13,38.1,21,2572.84
2WL,68,Lettuce,Ni2,4.1,5.31,1.041,21,3970.75
2WL,69,Lettuce,Ni3,10.9,12.24,2.399,21,2953.67
2WL,70,Lettuce,Ni5,79.7,73.72,14.455,21,2724.43
2WL,71,Lettuce,Ni1,1.5,2.88,0.564,21,5118.11
2WL,72,Lettuce,Ni4,29.5,29.87,5.855,21,2678.02
2WL,73,Lettuce,Ni6,215.2,194.13,38.1,21,2322.13
2WL,74,Lettuce,Ni2,4.1,5.31,1.041,21,3678.71
2WL,75,Lettuce,Ni5,79.7,73.72,14.455,21,2435.89
2WL,76,Lettuce,Ni0,0,1.06,0.208,21,3131.58
2WL,77,Lettuce,Ni3,10.9,12.24,2.399,21,3148.25
2WL,78,Lettuce,Ni1,1.5,2.88,0.564,21,3489.25
2WL,79,Lettuce,Ni6,215.2,194.13,38.1,21,2322.65
2WL,80,Lettuce,Ni2,4.1,5.31,1.041,21,3177.03
2WL,81,Lettuce,Ni5,79.7,73.72,14.455,21,2317.5
2WL,82,Lettuce,Ni0,0,1.06,0.208,21,3443.26
2WL,83,Lettuce,Ni3,10.9,12.24,2.399,21,3060
2WL,84,Lettuce,Ni4,29.5,29.87,5.855,21,3343.98
2WL,85,Lettuce,Ni5,79.7,73.72,14.455,21,2446.42
2WL,86,Lettuce,Ni4,29.5,29.87,5.855,21,2795.65
2WL,87,Lettuce,Ni1,1.5,2.88,0.564,21,5310.69
2WL,88,Lettuce,Ni0,0,1.06,0.208,21,3710.66
2WL,89,Lettuce,Ni2,4.1,5.31,1.041,21,3479.52
2WL,90,Lettuce,Ni6,215.2,194.13,38.1,21,2290.31
2WL,91,Lettuce,Ni3,10.9,12.24,2.399,21,2611.32
2WL,92,Lettuce,Ni6,215.2,194.13,38.1,21,2321.06
2WL,93,Lettuce,Ni4,29.5,29.87,5.855,21,2656.25
2WL,94,Lettuce,Ni1,1.5,2.88,0.564,21,4052.54
2WL,95,Lettuce,Ni0,0,1.06,0.208,21,4977.96
2WL,96,Lettuce,Ni3,10.9,12.24,2.399,21,3386.55
2WL,97,Lettuce,Ni5,79.7,73.72,14.455,21,2837.39
2WL,98,Lettuce,Ni2 ,4.1,5.31,1.041,21,2866.99
2WL,50,Lettuce,Ni4,29.5,29.87,5.855,28,2665.08
2WL,51,Lettuce,Ni6,215.2,194.13,38.1,28,2344.38
2WL,52,Lettuce,Ni5,79.7,73.72,14.455,28,2540.14
2WL,53,Lettuce,Ni3,10.9,12.24,2.399,28,4754.12
2WL,54,Lettuce,Ni2,4.1,5.31,1.041,28,4667.19
2WL,55,Lettuce,Ni1,1.5,2.88,0.564,28,3859.58
2WL,56,Lettuce,Ni0,0,1.06,0.208,28,5364.63
2WL,57,Lettuce,Ni2,4.1,5.31,1.041,28,4618.61
2WL,58,Lettuce,Ni5,79.7,73.72,14.455,28,3397.28
2WL,59,Lettuce,Ni6,215.2,194.13,38.1,28,2732.89
2WL,60,Lettuce,Ni0,0,1.06,0.208,28,3421.43
2WL,61,Lettuce,Ni4,29.5,29.87,5.855,28,2972.67
2WL,62,Lettuce,Ni3,10.9,12.24,2.399,28,3752.23
2WL,63,Lettuce,Ni1,1.5,2.88,0.564,28,3570.99
2WL,64,Lettuce,Ni4,29.5,29.87,5.855,28,3430.34
2WL,65,Lettuce,Ni0,0,1.06,0.208,28,4420.89
2WL,66,Lettuce,Ni1,1.5,2.88,0.564,28,4042.96
2WL,67,Lettuce,Ni6,215.2,194.13,38.1,28,2825.17
2WL,68,Lettuce,Ni2,4.1,5.31,1.041,28,5007.42
2WL,69,Lettuce,Ni3,10.9,12.24,2.399,28,3386.23
2WL,70,Lettuce,Ni5,79.7,73.72,14.455,28,2716.37
2WL,71,Lettuce,Ni1,1.5,2.88,0.564,28,7376.63
2WL,72,Lettuce,Ni4,29.5,29.87,5.855,28,2558.2
2WL,73,Lettuce,Ni6,215.2,194.13,38.1,28,2425.52
2WL,74,Lettuce,Ni2,4.1,5.31,1.041,28,3484.99
2WL,75,Lettuce,Ni5,79.7,73.72,14.455,28,2567.97
2WL,76,Lettuce,Ni0,0,1.06,0.208,28,4900.98
2WL,77,Lettuce,Ni3,10.9,12.24,2.399,28,3355.37
2WL,78,Lettuce,Ni1,1.5,2.88,0.564,28,4530.27
2WL,79,Lettuce,Ni6,215.2,194.13,38.1,28,2499.91
2WL,80,Lettuce,Ni2,4.1,5.31,1.041,28,4968.98
2WL,81,Lettuce,Ni5,79.7,73.72,14.455,28,2296.75
2WL,82,Lettuce,Ni0,0,1.06,0.208,28,
2WL,83,Lettuce,Ni3,10.9,12.24,2.399,28,3477.92
2WL,84,Lettuce,Ni4,29.5,29.87,5.855,28,3122.25
2WL,85,Lettuce,Ni5,79.7,73.72,14.455,28,2452.56
2WL,86,Lettuce,Ni4,29.5,29.87,5.855,28,3246.83
2WL,87,Lettuce,Ni1,1.5,2.88,0.564,28,6424.82
2WL,88,Lettuce,Ni0,0,1.06,0.208,28,5081.07
2WL,89,Lettuce,Ni2,4.1,5.31,1.041,28,5216.07
2WL,90,Lettuce,Ni6,215.2,194.13,38.1,28,2346.31
2WL,91,Lettuce,Ni3,10.9,12.24,2.399,28,2809.72
2WL,92,Lettuce,Ni6,215.2,194.13,38.1,28,2019.24
2WL,93,Lettuce,Ni4,29.5,29.87,5.855,28,2969.94
2WL,94,Lettuce,Ni1,1.5,2.88,0.564,28,5043.77
2WL,95,Lettuce,Ni0,0,1.06,0.208,28,7875.47
2WL,96,Lettuce,Ni3,10.9,12.24,2.399,28,3777.29
2WL,97,Lettuce,Ni5,79.7,73.72,14.455,28,2640.87
2WL,98,Lettuce,Ni2 ,4.1,5.31,1.041,28,2793.97
2WL,50,Lettuce,Ni4,29.5,29.87,5.855,35,2520.78
2WL,51,Lettuce,Ni6,215.2,194.13,38.1,35,2005.86
2WL,52,Lettuce,Ni5,79.7,73.72,14.455,35,2239.6
2WL,53,Lettuce,Ni3,10.9,12.24,2.399,35,5807.58
2WL,54,Lettuce,Ni2,4.1,5.31,1.041,35,6398.35
2WL,55,Lettuce,Ni1,1.5,2.88,0.564,35,4468.58
2WL,56,Lettuce,Ni0,0,1.06,0.208,35,6763.3
2WL,57,Lettuce,Ni2,4.1,5.31,1.041,35,6316.66
2WL,58,Lettuce,Ni5,79.7,73.72,14.455,35,3540.96
2WL,59,Lettuce,Ni6,215.2,194.13,38.1,35,2581.93
2WL,60,Lettuce,Ni0,0,1.06,0.208,35,5932.68
2WL,61,Lettuce,Ni4,29.5,29.87,5.855,35,3185.3
2WL,62,Lettuce,Ni3,10.9,12.24,2.399,35,3717.5
2WL,63,Lettuce,Ni1,1.5,2.88,0.564,35,5392.74
2WL,64,Lettuce,Ni4,29.5,29.87,5.855,35,3851.24
2WL,65,Lettuce,Ni0,0,1.06,0.208,35,6528.22
2WL,66,Lettuce,Ni1,1.5,2.88,0.564,35,5828.36
2WL,67,Lettuce,Ni6,215.2,194.13,38.1,35,2730.6
2WL,68,Lettuce,Ni2,4.1,5.31,1.041,35,6981.19
2WL,69,Lettuce,Ni3,10.9,12.24,2.399,35,3551.73
2WL,70,Lettuce,Ni5,79.7,73.72,14.455,35,2778.1
2WL,71,Lettuce,Ni1,1.5,2.88,0.564,35,11236.32
2WL,72,Lettuce,Ni4,29.5,29.87,5.855,35,2728.48
2WL,73,Lettuce,Ni6,215.2,194.13,38.1,35,2339.6
2WL,74,Lettuce,Ni2,4.1,5.31,1.041,35,3815.8
2WL,75,Lettuce,Ni5,79.7,73.72,14.455,35,2606.57
2WL,76,Lettuce,Ni0,0,1.06,0.208,35,7613.13
2WL,77,Lettuce,Ni3,10.9,12.24,2.399,35,3512.11
2WL,78,Lettuce,Ni1,1.5,2.88,0.564,35,7891.97
2WL,79,Lettuce,Ni6,215.2,194.13,38.1,35,2459.85
2WL,80,Lettuce,Ni2,4.1,5.31,1.041,35,7063.88
2WL,81,Lettuce,Ni5,79.7,73.72,14.455,35,2361.34
2WL,82,Lettuce,Ni0,0,1.06,0.208,35,7521.57
2WL,83,Lettuce,Ni3,10.9,12.24,2.399,35,3612.07
2WL,84,Lettuce,Ni4,29.5,29.87,5.855,35,3428.1
2WL,85,Lettuce,Ni5,79.7,73.72,14.455,35,
2WL,86,Lettuce,Ni4,29.5,29.87,5.855,35,3337.35
2WL,87,Lettuce,Ni1,1.5,2.88,0.564,35,8059.91
2WL,88,Lettuce,Ni0,0,1.06,0.208,35,5331.47
2WL,89,Lettuce,Ni2,4.1,5.31,1.041,35,6140.52
2WL,90,Lettuce,Ni6,215.2,194.13,38.1,35,2483.31
2WL,91,Lettuce,Ni3,10.9,12.24,2.399,35,2743.7
2WL,92,Lettuce,Ni6,215.2,194.13,38.1,35,
2WL,93,Lettuce,Ni4,29.5,29.87,5.855,35,3074.97
2WL,94,Lettuce,Ni1,1.5,2.88,0.564,35,4852.05
2WL,95,Lettuce,Ni0,0,1.06,0.208,35,8489.72
2WL,96,Lettuce,Ni3,10.9,12.24,2.399,35,3500.27
2WL,97,Lettuce,Ni5,79.7,73.72,14.455,35,2528.93
2WL,98,Lettuce,Ni2 ,4.1,5.31,1.041,,
2WL,50,Lettuce,Ni4,29.5,29.87,5.855,42,2839.2
2WL,51,Lettuce,Ni6,215.2,194.13,38.1,42,
2WL,52,Lettuce,Ni5,79.7,73.72,14.455,42,2257.05
2WL,53,Lettuce,Ni3,10.9,12.24,2.399,42,5846.5
2WL,54,Lettuce,Ni2,4.1,5.31,1.041,42,8176.4
2WL,55,Lettuce,Ni1,1.5,2.88,0.564,42,8234.31
2WL,56,Lettuce,Ni0,0,1.06,0.208,42,10239.69
2WL,57,Lettuce,Ni2,4.1,5.31,1.041,42,10203.23
2WL,58,Lettuce,Ni5,79.7,73.72,14.455,42,
2WL,59,Lettuce,Ni6,215.2,194.13,38.1,42,
2WL,60,Lettuce,Ni0,0,1.06,0.208,42,8137.35
2WL,61,Lettuce,Ni4,29.5,29.87,5.855,42,2966.01
2WL,62,Lettuce,Ni3,10.9,12.24,2.399,42,3761.96
2WL,63,Lettuce,Ni1,1.5,2.88,0.564,42,7942.46
2WL,64,Lettuce,Ni4,29.5,29.87,5.855,42,3652.93
2WL,65,Lettuce,Ni0,0,1.06,0.208,42,8772.26
2WL,66,Lettuce,Ni1,1.5,2.88,0.564,42,7613.19
2WL,67,Lettuce,Ni6,215.2,194.13,38.1,42,2727.29
2WL,68,Lettuce,Ni2,4.1,5.31,1.041,42,
2WL,69,Lettuce,Ni3,10.9,12.24,2.399,42,3578.72
2WL,70,Lettuce,Ni5,79.7,73.72,14.455,42,
2WL,71,Lettuce,Ni1,1.5,2.88,0.564,42,10577.32
2WL,72,Lettuce,Ni4,29.5,29.87,5.855,42,2406.02
2WL,73,Lettuce,Ni6,215.2,194.13,38.1,42,2353.81
2WL,74,Lettuce,Ni2,4.1,5.31,1.041,42,3898.68
2WL,75,Lettuce,Ni5,79.7,73.72,14.455,42,2575.92
2WL,76,Lettuce,Ni0,0,1.06,0.208,42,10916.03
2WL,77,Lettuce,Ni3,10.9,12.24,2.399,42,3471.83
2WL,78,Lettuce,Ni1,1.5,2.88,0.564,42,10307.29
2WL,79,Lettuce,Ni6,215.2,194.13,38.1,42,2265.76
2WL,80,Lettuce,Ni2,4.1,5.31,1.041,42,11055.81
2WL,81,Lettuce,Ni5,79.7,73.72,14.455,42,2143.38
2WL,82,Lettuce,Ni0,0,1.06,0.208,42,9738.62
2WL,83,Lettuce,Ni3,10.9,12.24,2.399,42,3627.59
2WL,84,Lettuce,Ni4,29.5,29.87,5.855,42,3271.74
2WL,85,Lettuce,Ni5,79.7,73.72,14.455,42,
2WL,86,Lettuce,Ni4,29.5,29.87,5.855,42,3316.64
2WL,87,Lettuce,Ni1,1.5,2.88,0.564,42,12756.26
2WL,88,Lettuce,Ni0,0,1.06,0.208,42,10042.43
2WL,89,Lettuce,Ni2,4.1,5.31,1.041,42,6873.46
2WL,90,Lettuce,Ni6,215.2,194.13,38.1,42,2482.66
2WL,91,Lettuce,Ni3,10.9,12.24,2.399,42,
2WL,92,Lettuce,Ni6,215.2,194.13,38.1,42,
2WL,93,Lettuce,Ni4,29.5,29.87,5.855,42,3066.79
2WL,94,Lettuce,Ni1,1.5,2.88,0.564,42,7313.85
2WL,95,Lettuce,Ni0,0,1.06,0.208,42,10826.51
2WL,96,Lettuce,Ni3,10.9,12.24,2.399,42,3990.98
2WL,97,Lettuce,Ni5,79.7,73.72,14.455,42,2511.11
2WL,98,Lettuce,Ni2 ,4.1,5.31,1.041,42,
